Frequency,CustGender,CustAccountBalance,TransactionAmount (INR),CustomerAge,Recency,Label
-0.0325990683319438,0.6157997811176921,-0.2407526956363719,5.410583045067495,0.729017621351777,0.0,3
-0.0325990683319438,0.6157997811176921,0.4853783249870257,5.1921254047093965,1.3865469592405897,0.0,3
-0.0325990683319438,0.6157997811176921,-0.3034026573831623,6.849159107906635,0.4002529524073707,0.0,3
-0.0325990683319438,0.6157997811176921,4.223822152322287,10.715705122295356,-2.996981960018161,0.0,3
-0.0325990683319438,0.6157997811176921,-0.1100478073008374,6.249292111960042,-0.147688162499973,0.0,3
-0.0325990683319438,0.6157997811176921,-0.2079661865837645,16.391794671417998,0.0714882834629644,0.0,3
-0.0325990683319438,0.6157997811176921,-0.2251070776002649,11.670631515106102,-0.2572763854814418,0.0,3
