Frequency,CustGender,CustAccountBalance,TransactionAmount (INR),CustomerAge,Recency,Label
30.675723300355923,0.6157997811176921,-0.1795789795448247,-0.0896338967720948,0.01669417197223,0.0,4
